{
"label":"vmc",
"total blocks":100,
"reblocking":1,
"warmup blocks":0,
"properties":{
"total_energy":{
"value":[-31.02311055],
"error":[0.0005996910716],
"sigma":[0.8883086162]
},
"kinetic":{
"value":[14.10536947],
"error":[0.002319066524],
"sigma":[2.491839728]
},
"potential":{
"value":[-50.84641757],
"error":[0.002972637713],
"sigma":[3.792554649]
},
"nonlocal":{
"value":[5.717937554],
"error":[0.003607836867],
"sigma":[4.184017606]
},
"weight":{
"value":[1],
"error":[6.661338148e-17],
"sigma":[0]
}
,
"derivative_dm":{
"nmo":4,
"dpwf":{
"vals":[0.3466110426],"err":[0.0003473869046]},
"dpenergy":{
"vals":[-10.76758209],"err":[0.01129036551]},
"tbdm":{
"nmo":4,
"states":[15,16,17,18],
"normalization":{
"value":[0.2499907753,0.2500548486,0.2501690207,0.2497853555],
"error":[8.632347587e-05,0.0001067759047,0.0001030139251,0.0001065221331]
},
"obdm":{
"up":[
[0.9723608635,-0.001965025324,0.0008433181311,0.0001248495045],
[0.000358869174,0.3460391977,0.4573788366,0.001271010095],
[-0.000207393856,0.4581225259,0.6372285908,0.002513019327],
[-0.0007328939461,0.0007863813871,-0.0002554808874,0.007022644051]
],
"up_err":[
[0.0004287495428,0.001361979425,0.0009623315502,0.001330228764],
[0.0003373889904,0.001145594986,0.0008766996527,0.001362013777],
[0.0003908976751,0.001263966904,0.0009897892336,0.00145296181],
[0.0003428749284,0.001086527004,0.0008062835181,0.001383971446]
],
"down":[
[0.97231982,-6.129381338e-06,0.0001380693009,-0.001379576356],
[0.0002713346359,0.9724091491,-0.0007289531005,-0.0009214512532],
[-0.0004679900814,-0.00155094013,0.00619083517,0.0002863878598],
[-0.0001294526942,0.002468872991,-0.002625229487,0.006968273606]
],
"down_err":[
[0.0004401891887,0.0003622239582,0.001619147908,0.001472063183],
[0.0003882739733,0.0005078955545,0.001848533242,0.001604094091],
[0.0003931105569,0.0003527681864,0.001222567055,0.001283620961],
[0.0003469764728,0.0003448285537,0.001410195924,0.00129415116]
]
}
}
,"dprdm":[
{"tbdm":{
"nmo":4,
"states":[15,16,17,18],
"normalization":{
"value":[0.2499907753,0.2500548486,0.2501690207,0.2497853555],
"error":[8.632347587e-05,0.0001067759047,0.0001030139251,0.0001065221331]
},
"obdm":{
"up":[
[0.3380389438,-0.009062358804,0.0063172548,-0.00145114582],
[0.0002258581976,0.3395447115,-0.00223752074,0.0005277860395],
[-0.0005137884141,0.463553459,-0.002039061548,0.001580703749],
[-0.0009276530323,0.01538322607,-0.01112425007,0.005643102066]
],
"up_err":[
[0.0007375983783,0.007476192882,0.005772038261,0.003391563802],
[0.000390955132,0.004959306645,0.00397667575,0.002693973137],
[0.000617014539,0.01037617036,0.007418719501,0.002798806766],
[0.0004826084868,0.01092331748,0.008292250986,0.003329038239]
],
"down":[
[0.3374442215,-1.558859464e-05,-0.0006790601026,-0.0007478117395],
[0.0001095755702,0.336940936,-0.0003235678638,-0.0006568689167],
[9.722202631e-05,-0.0006785366622,0.001706461791,0.0004037941238],
[0.0001917721869,0.0004448611488,-0.0007291861596,0.002345982483]
],
"down_err":[
[0.0004715929369,0.0002309951218,0.0009513286208,0.0009017440542],
[0.0002221628478,0.0003941442685,0.0009119405883,0.0008406163061],
[0.0002371383826,0.0001931547239,0.0007280988718,0.0007132887498],
[0.0002020670185,0.0002354062823,0.0007542805317,0.0007843498002]
]
}
}
}]
}
},
"independent points":2194181.673,
"commments": [
"Warning: The estimated number of independent points is _greater_ that the points in the log file. Error bars are probably unreliable! "
]
}
