{
"label":"vmc",
"total blocks":100,
"reblocking":1,
"warmup blocks":1,
"properties":{
"total_energy":{
"value":[-31.05349461],
"error":[0.0007005027634],
"sigma":[0.9493373287]
},
"kinetic":{
"value":[14.10313928],
"error":[0.002129926353],
"sigma":[2.634542399]
},
"potential":{
"value":[-50.93449271],
"error":[0.002892195149],
"sigma":[3.819568221]
},
"nonlocal":{
"value":[5.777858816],
"error":[0.003651230426],
"sigma":[4.25036088]
},
"weight":{
"value":[1],
"error":[2.008469022e-16],
"sigma":[0]
}
,
"derivative_dm":{
"nmo":4,
"dpwf":{
"vals":[0.4285414315],"err":[0.0005046628987]},
"dpenergy":{
"vals":[-13.26496946],"err":[0.02239886262]},
"tbdm":{
"nmo":4,
"states":[15,16,17,18],
"normalization":{
"value":[0.2500941333,0.249963211,0.2499342871,0.2500083686],
"error":[9.245827307e-05,0.0001134636016,0.0001006587233,9.407538528e-05]
},
"obdm":{
"up":[
[0.9737212431,-0.0006492159174,0.00163591233,-0.0002956590361],
[-0.0001309327049,0.7268480136,0.42027978,-0.001974340108],
[-2.993340778e-05,0.421437907,0.2547140315,-0.001502515685],
[-0.0005846801004,0.000737419574,-0.0008634912934,0.005877207216]
],
"up_err":[
[0.0004593884219,0.0009520692951,0.001508284323,0.001654098526],
[0.0003887132768,0.0008857856385,0.00137208982,0.001441144672],
[0.0003171931045,0.0007561591897,0.00112353435,0.00126602793],
[0.0003526259827,0.0008657378518,0.001252083612,0.001562727915]
],
"down":[
[0.9736963911,-0.0002549478899,0.0005931157313,0.001271950587],
[-0.0002134080089,0.9744767324,-0.003249193018,0.00268060167],
[6.162433019e-05,-0.001711553551,0.008311083152,-2.043552483e-05],
[0.0002508081156,0.001135736387,-0.001282661591,0.006962150523]
],
"down_err":[
[0.0004836792309,0.0004197032102,0.001484631784,0.00155960063],
[0.0003888852424,0.0004641675581,0.001772275157,0.001616606328],
[0.0003198073138,0.0003571190188,0.001266324179,0.001258095508],
[0.0003436203897,0.0003822363105,0.001376865321,0.001502532168]
]
}
}
,"dprdm":[
{"tbdm":{
"nmo":4,
"states":[15,16,17,18],
"normalization":{
"value":[0.2500941333,0.249963211,0.2499342871,0.2500083686],
"error":[9.245827307e-05,0.0001134636016,0.0001006587233,9.407538528e-05]
},
"obdm":{
"up":[
[0.4168563457,-0.002140304526,0.003106182675,-0.001843965001],
[0.0006369382018,0.01145619816,0.694040048,-0.001464229974],
[0.0002401962919,0.009063152565,0.4046123559,-0.01010963092],
[-0.001128608412,-0.001884033219,0.00330257624,0.00321960705]
],
"up_err":[
[0.0009275856818,0.004058360462,0.005818761705,0.004908022777],
[0.0007712161487,0.003576344913,0.005824683452,0.00505510607],
[0.001012541461,0.004639424994,0.006337419689,0.005209436954],
[0.00073090177,0.003604453161,0.005721611299,0.002846462011]
],
"down":[
[0.4168353836,0.0001056938502,0.0003215093467,-0.000485354282],
[-1.701672693e-05,0.4177547827,-0.001482859988,0.0008600382082],
[-0.0003823785407,-0.001073191761,0.003412125796,-0.001068308533],
[0.0002089222748,0.0009938769035,0.001003990962,0.001556750061]
],
"down_err":[
[0.0006754505371,0.0003252102489,0.001253168147,0.001255860197],
[0.000360357763,0.0006534369686,0.00149305247,0.00143230299],
[0.0003084911751,0.0002748843942,0.001154495308,0.001072956211],
[0.0003051148551,0.0002975671259,0.001250946132,0.001277014928]
]
}
}
}]
}
},
"independent points":1836628.885,
"commments": [
]
}
