{
"label":"vmc",
"total blocks":100,
"reblocking":1,
"warmup blocks":0,
"properties":{
"total_energy":{
"value":[-31.07094025],
"error":[0.0006155613366],
"sigma":[0.8260596703]
},
"kinetic":{
"value":[14.16191413],
"error":[0.001793326012],
"sigma":[2.472514761]
},
"potential":{
"value":[-50.90867252],
"error":[0.002987474442],
"sigma":[3.772521857]
},
"nonlocal":{
"value":[5.675818127],
"error":[0.003325791243],
"sigma":[4.116822423]
},
"weight":{
"value":[1],
"error":[6.661338148e-17],
"sigma":[0]
}
,
"derivative_dm":{
"nmo":4,
"dpwf":{
"vals":[0.1838738339],"err":[0.0007520211424]},
"dpenergy":{
"vals":[-5.696397307],"err":[0.02396890354]},
"tbdm":{
"nmo":4,
"states":[15,16,17,18],
"normalization":{
"value":[0.2500560276,0.2500125997,0.2498752727,0.2500561],
"error":[9.568264485e-05,9.266382378e-05,8.460791171e-05,9.074068508e-05]
},
"obdm":{
"up":[
[0.9743293718,-0.001112867446,0.003424521117,0.0004027476544],
[-0.0002222486894,0.9387223199,0.1835615749,-0.001217621453],
[-0.000475850315,0.1822873278,0.04023040774,0.0015545864],
[-8.044515224e-05,1.274158282e-05,-0.001015306338,0.009633740234]
],
"up_err":[
[0.0004698129098,0.0004640948459,0.00185242301,0.001787880679],
[0.0003974303984,0.0005480154296,0.001844734037,0.001582381603],
[0.000368536159,0.0003847159363,0.001136172802,0.001497638796],
[0.0003340839488,0.0004446165661,0.00143200017,0.001244417169]
],
"down":[
[0.9743321631,-0.0002345549489,-0.001059557369,-0.002596682381],
[-0.0005434235579,0.973687409,-0.002082363686,-0.0002674067],
[-6.066983493e-05,-0.0009834791707,0.006901313161,-0.001621579977],
[-0.0004876862746,1.092335747e-05,-0.0004594035228,0.005247878642]
],
"down_err":[
[0.0004782465524,0.0003691271435,0.001732857148,0.001637189442],
[0.0004222872357,0.0004053747047,0.001857984165,0.001904260017],
[0.0003596028169,0.0003037146592,0.001423952811,0.001369275563],
[0.0003424991504,0.0003824171157,0.001257925454,0.001334694606]
]
}
}
,"dprdm":[
{"tbdm":{
"nmo":4,
"states":[15,16,17,18],
"normalization":{
"value":[0.2500560276,0.2500125997,0.2498752727,0.2500561],
"error":[9.568264485e-05,9.266382378e-05,8.460791171e-05,9.074068508e-05]
},
"obdm":{
"up":[
[0.1660179587,-0.008116212506,0.07189424916,0.005802338255],
[-0.01135920879,-0.003718611259,0.9662824459,-0.005775710835],
[0.0001942866048,0.002995719043,0.1665932815,-0.003823825403],
[-0.00364336703,-0.003736086214,0.023604317,0.005838303394]
],
"up_err":[
[0.01323011092,0.007464544976,0.06580522549,0.01400688024],
[0.01139727729,0.006447259345,0.05619299215,0.01261599235],
[0.001197148631,0.002035801585,0.009834160499,0.005352585916],
[0.003497992723,0.003180570541,0.0202450666,0.005044981033]
],
"down":[
[0.17921689,-4.192619365e-05,9.698574472e-05,0.001142782302],
[-0.0005635695467,0.1795923671,-0.003480710539,0.0003789695988],
[0.0005753901039,-0.002298111214,0.0008324439551,-0.001412023118],
[-0.0001144167774,0.0004609773237,-0.00165333678,0.0001369558892]
],
"down_err":[
[0.0008471478338,0.0003677772718,0.001562550293,0.001611890474],
[0.0004064084229,0.0008305597009,0.001532953599,0.001516492999],
[0.0003390158536,0.0002973198545,0.001273700798,0.001153519615],
[0.000332890526,0.0003783975526,0.001380716296,0.001291342674]
]
}
}
}]
}
},
"independent points":1800860.91,
"commments": [
]
}
