{
"label":"vmc",
"total blocks":100,
"reblocking":1,
"warmup blocks":0,
"properties":{
"total_energy":{
"value":[-31.03852102],
"error":[0.0005903550458],
"sigma":[0.8601879886]
},
"kinetic":{
"value":[14.14930117],
"error":[0.001949332492],
"sigma":[2.482921791]
},
"potential":{
"value":[-50.90709605],
"error":[0.002832533111],
"sigma":[3.753212034]
},
"nonlocal":{
"value":[5.71927386],
"error":[0.00322738424],
"sigma":[4.112835144]
},
"weight":{
"value":[1],
"error":[6.661338148e-17],
"sigma":[0]
}
,
"derivative_dm":{
"nmo":4,
"dpwf":{
"vals":[0.4744399531],"err":[0.0004236366393]},
"dpenergy":{
"vals":[-14.69836961],"err":[0.01335966009]},
"tbdm":{
"nmo":4,
"states":[15,16,17,18],
"normalization":{
"value":[0.2500473243,0.249979184,0.24984186,0.2501316318],
"error":[9.275667254e-05,9.317545511e-05,0.0001013791072,9.153074369e-05]
},
"obdm":{
"up":[
[0.9741706178,0.0001234936724,-0.0004601560983,-0.002206922356],
[-0.0008148330406,0.608849691,0.4683506971,0.003012658503],
[0.0008391249144,0.4671068516,0.3733220045,0.002184280462],
[-0.0002029547025,0.00118247613,-0.0004593380653,0.007090949158]
],
"up_err":[
[0.0004596031586,0.000976249954,0.00122966607,0.001572360359],
[0.0003708217666,0.00114299797,0.001351387446,0.0013750965],
[0.0003516265938,0.000945397852,0.001201430247,0.001234546203],
[0.0003433309548,0.0008909344965,0.001123148966,0.001055010473]
],
"down":[
[0.9745136041,-0.000140620931,0.0002758937983,-0.001064672637],
[-0.0004060363157,0.974694825,-0.001447472427,-0.001656165876],
[0.0001116937824,-0.00225766379,0.008875574116,-0.0005961863219],
[0.0006200222869,0.001138404245,-0.0008940911442,0.006208898038]
],
"down_err":[
[0.0003979698705,0.0004012117347,0.001583287936,0.001666614343],
[0.0003536382275,0.0004163071907,0.001644341315,0.001656170322],
[0.0003295673435,0.0004009273756,0.001250835288,0.001247284778],
[0.0003751647193,0.0003526622629,0.001478588005,0.00145445923]
]
}
}
,"dprdm":[
{"tbdm":{
"nmo":4,
"states":[15,16,17,18],
"normalization":{
"value":[0.2500473243,0.249979184,0.24984186,0.2501316318],
"error":[9.275667254e-05,9.317545511e-05,0.0001013791072,9.153074369e-05]
},
"obdm":{
"up":[
[0.4614447725,-0.004469302191,0.004677478199,0.0009980331427],
[-0.005784104309,-0.01957172207,0.6174392966,0.01609807427],
[-0.0003606782581,0.007259799482,0.4530934637,-0.005871793359],
[-0.001417923,-0.002847565922,0.005452571482,-0.00238744293]
],
"up_err":[
[0.001272798517,0.006121093202,0.007980228565,0.007068249121],
[0.003761393395,0.02230749932,0.02932038923,0.009667338696],
[0.001039629098,0.004149519321,0.005294675962,0.004079341537],
[0.001604118738,0.009154253786,0.01217113454,0.005636657986]
],
"down":[
[0.4621086007,0.0002173469423,0.000210121484,-3.188639648e-05],
[-0.000120767133,0.4627067485,0.00129462168,0.000924471747],
[-0.0001168868194,-0.001112374128,0.005310212737,-0.0002948021864],
[0.0001608933276,0.001988028471,-0.0006781392874,0.002406129896]
],
"down_err":[
[0.0005195111587,0.0002948472328,0.00148066073,0.001119770372],
[0.0002941041806,0.0005620931429,0.001334821984,0.001464760353],
[0.0002435045445,0.0002513592521,0.001061252314,0.001046704376],
[0.0002742548783,0.0003407865277,0.0009568120184,0.001138843683]
]
}
}
}]
}
},
"independent points":2123049.836,
"commments": [
"Warning: The estimated number of independent points is _greater_ that the points in the log file. Error bars are probably unreliable! "
]
}
