{
"label":"vmc",
"total blocks":100,
"reblocking":1,
"warmup blocks":1,
"properties":{
"total_energy":{
"value":[-31.00481706],
"error":[0.0005977234469],
"sigma":[0.8716031982]
},
"kinetic":{
"value":[13.85100653],
"error":[0.001914443753],
"sigma":[2.419236429]
},
"potential":{
"value":[-50.31623212],
"error":[0.002907467666],
"sigma":[3.741694695]
},
"nonlocal":{
"value":[5.460408537],
"error":[0.003433509287],
"sigma":[4.029715474]
},
"weight":{
"value":[1],
"error":[2.008469022e-16],
"sigma":[0]
}
,
"derivative_dm":{
"nmo":4,
"dpwf":{
"vals":[0.2841036149],"err":[0.0003409180036]},
"dpenergy":{
"vals":[-8.822289157],"err":[0.0108212017]},
"tbdm":{
"nmo":4,
"states":[15,16,17,18],
"normalization":{
"value":[0.2500580163,0.2501877638,0.2498988908,0.2498553291],
"error":[0.0001162571683,0.0001086915879,0.0001050035473,0.0001022367216]
},
"obdm":{
"up":[
[0.9787273216,0.001504228052,-0.001331696712,-0.0002505474774],
[-6.420412843e-05,0.2858673598,0.4381625071,0.0009707986601],
[-0.0001173012119,0.4362074535,0.7019790236,-0.0007126983956],
[-1.219981843e-06,-0.0009370894043,0.0004940287268,0.003595486322]
],
"up_err":[
[0.0005053505212,0.001318832405,0.0008632190905,0.001461705741],
[0.0003470562656,0.001262581922,0.0007646644481,0.001433624711],
[0.0003370008175,0.001129285127,0.0008559761075,0.001643322591],
[0.0003336904206,0.001263325645,0.0007909953043,0.001373355922]
],
"down":[
[0.9783210093,-0.0005584544799,0.0003738985806,-0.0005350992257],
[3.24116414e-05,0.978955478,-0.003293133944,-0.003029968434],
[9.374029636e-05,-0.001409451151,0.005866135387,0.0002520056177],
[0.0005964206169,0.0009849402042,0.0004364050222,0.006833379023]
],
"down_err":[
[0.0005285558218,0.0003354724683,0.001537450942,0.001547636231],
[0.0003328846104,0.0004684586225,0.001799065528,0.001539354747],
[0.0003284324627,0.0003658336863,0.001242597333,0.00130257961],
[0.0003555849676,0.0003689383241,0.001374012046,0.001278040579]
]
}
}
,"dprdm":[
{"tbdm":{
"nmo":4,
"states":[15,16,17,18],
"normalization":{
"value":[0.2500580163,0.2501877638,0.2498988908,0.2498553291],
"error":[0.0001162571683,0.0001086915879,0.0001050035473,0.0001022367216]
},
"obdm":{
"up":[
[0.2780474211,-0.001095548053,0.001052944741,-0.0002609319075],
[0.0003952944515,0.2701760103,0.004888200046,0.002255772106],
[0.0004383216221,0.4350164257,0.002965450064,-0.003820988134],
[-0.000522087457,0.002515887801,-0.001923327114,-0.004369222551]
],
"up_err":[
[0.0006018342327,0.003067085869,0.001831815541,0.003034259935],
[0.0006986965309,0.003188818457,0.001946368301,0.004735274836],
[0.0006560787883,0.004430225382,0.002573840638,0.00538929457],
[0.0003519080193,0.002580760331,0.001550515708,0.003989777709]
],
"down":[
[0.277779133,-0.0004879745726,0.001154441871,0.000101841246],
[4.112621862e-05,0.2781143207,-6.131457421e-05,-0.000425666486],
[-0.0001949731928,-0.0005966181268,0.00159668362,0.0005952160964],
[-0.0002385979735,-0.0002160559239,0.0003526942736,0.001338670015]
],
"down_err":[
[0.0004297360484,0.0001912274126,0.0008317041626,0.000800379086],
[0.0001845449082,0.0004224305824,0.0009219477831,0.000765517313],
[0.0001746993581,0.0001833240703,0.0007283139294,0.0006336326522],
[0.0001570588006,0.0001730906369,0.0007712533743,0.0007810837474]
]
}
}
}]
}
},
"independent points":2126361.233,
"commments": [
"Warning: The estimated number of independent points is _greater_ that the points in the log file. Error bars are probably unreliable! "
]
}
