{
"label":"vmc",
"total blocks":100,
"reblocking":1,
"warmup blocks":1,
"properties":{
"total_energy":{
"value":[-31.051363],
"error":[0.001407496282],
"sigma":[1.160979412]
},
"kinetic":{
"value":[14.09287612],
"error":[0.001958647495],
"sigma":[2.47938949]
},
"potential":{
"value":[-50.87733497],
"error":[0.002960475623],
"sigma":[3.864924935]
},
"nonlocal":{
"value":[5.733095853],
"error":[0.003404019227],
"sigma":[4.283678952]
},
"weight":{
"value":[1],
"error":[2.008469022e-16],
"sigma":[0]
}
,
"derivative_dm":{
"nmo":4,
"dpwf":{
"vals":[0.333008898],"err":[0.0006827228937]},
"dpenergy":{
"vals":[-10.31663512],"err":[0.02101051793]},
"tbdm":{
"nmo":4,
"states":[15,16,17,18],
"normalization":{
"value":[0.2499641214,0.2500429249,0.2500445139,0.2499484398],
"error":[9.1747837e-05,9.437329493e-05,0.0001012857845,9.967908283e-05]
},
"obdm":{
"up":[
[0.9750396761,-3.301529953e-05,-0.0003708759678,-0.001266177078],
[0.0001969533176,0.8471381735,0.3275689295,-0.002373223172],
[-0.0004881827055,0.3278918579,0.1361945142,0.0007561982855],
[-0.0004098015733,-0.0007719105657,0.001507294933,0.00733181171]
],
"up_err":[
[0.0004317596075,0.0007490574962,0.001568390586,0.00155218189],
[0.0003859180205,0.0007161163388,0.001523177909,0.001636149768],
[0.0003531679543,0.0005779321522,0.001106298641,0.001452461331],
[0.0003183357132,0.0006947780918,0.00158458624,0.001395207107]
],
"down":[
[0.9747667761,7.246154376e-05,0.003502069707,-0.0004068500243],
[-0.0004612829941,0.9751818211,-0.002813652641,-0.001098684478],
[8.911191593e-05,-0.001295111817,0.006189998017,-0.0007353387856],
[-8.919419142e-05,0.0001915319731,-0.000405779706,0.007172672728]
],
"down_err":[
[0.0004248151835,0.0003719241535,0.001385337213,0.001438937553],
[0.0004044614717,0.0004581662246,0.001548336783,0.001523536094],
[0.000380286272,0.0003423214514,0.001118087447,0.001284491851],
[0.0003654051535,0.0003564962663,0.001576833535,0.001382389449]
]
}
}
,"dprdm":[
{"tbdm":{
"nmo":4,
"states":[15,16,17,18],
"normalization":{
"value":[0.2499641214,0.2500429249,0.2500445139,0.2499484398],
"error":[9.1747837e-05,9.437329493e-05,0.0001012857845,9.967908283e-05]
},
"obdm":{
"up":[
[0.3262102955,0.002745250658,-0.0102023606,-0.02501144446],
[0.0005106954885,0.01018453021,0.8052414212,-0.002838572182],
[-0.0004515033903,0.008312824634,0.299081027,-0.01394599948],
[-0.0005106747301,0.006286907061,-0.01625060656,-0.009187204575]
],
"up_err":[
[0.001269351445,0.01019659638,0.02401559984,0.021075266],
[0.0007827900667,0.00417529541,0.009464918679,0.009460600248],
[0.0007203356844,0.004734241196,0.01163186618,0.00832130648],
[0.001314982264,0.008356287576,0.01890715778,0.0132488541]
],
"down":[
[0.324445146,-0.000269830971,0.0004055738325,0.00146217634],
[0.0001467177311,0.3255683444,-0.0009780203047,0.0004881108339],
[0.0002103895429,-0.002061039896,0.002227216678,-1.549479764e-05],
[0.0001991139729,0.0008389835016,-0.0009832238225,0.002906696674]
],
"down_err":[
[0.000794586915,0.0003672628234,0.001491760416,0.001533103688],
[0.0003595504618,0.0007488084248,0.001353673983,0.001289273908],
[0.0003108460451,0.0003126018083,0.001262252092,0.001372636392],
[0.0003335076449,0.0003424065759,0.001206182932,0.001395370741]
]
}
}
}]
}
},
"independent points":680384.6767,
"commments": [
]
}
