{
"label":"vmc",
"total blocks":100,
"reblocking":1,
"warmup blocks":1,
"properties":{
"total_energy":{
"value":[-31.07717356],
"error":[0.000706744675],
"sigma":[0.8445302344]
},
"kinetic":{
"value":[14.10667262],
"error":[0.002191859755],
"sigma":[2.462940539]
},
"potential":{
"value":[-50.92136515],
"error":[0.003543053141],
"sigma":[3.795591178]
},
"nonlocal":{
"value":[5.737518974],
"error":[0.00390522517],
"sigma":[4.183269436]
},
"weight":{
"value":[1],
"error":[2.008469022e-16],
"sigma":[0]
}
,
"derivative_dm":{
"nmo":4,
"dpwf":{
"vals":[-1.961196177e-06],"err":[0.0008066174375]},
"dpenergy":{
"vals":[-0.0006648854979],"err":[0.02496131883]},
"tbdm":{
"nmo":4,
"states":[15,16,17,18],
"normalization":{
"value":[0.2501171631,0.2499382667,0.2500782399,0.2498663302],
"error":[0.0001080021355,0.0001289898308,0.0001281904584,0.0001222695745]
},
"obdm":{
"up":[
[0.9741780779,-3.83414828e-05,2.029141547e-05,0.001657550336],
[-8.73420745e-05,0.9743647552,0.001958973294,0.0006894228137],
[0.000518142452,-5.993213458e-05,0.005027444581,-0.00255980867],
[-0.0003046964248,-0.001147910569,0.002598181271,0.004901828653]
],
"up_err":[
[0.0005419433723,0.0004957649379,0.001714471184,0.001833481687],
[0.0004339738277,0.0005596327392,0.001714142625,0.001689492823],
[0.000427039748,0.0003306572383,0.00152190654,0.001417066837],
[0.0004002167234,0.0004153944186,0.001543364104,0.001619255542]
],
"down":[
[0.9738662874,-0.0002341344525,0.00185316637,0.002481636581],
[-0.0004353116048,0.9743395851,-0.002609623018,-0.0005213334979],
[0.0005398479364,0.0002186393273,0.004576946252,-0.0006414487263],
[-0.0005010857339,-0.001079852175,0.0003198537795,0.005555151574]
],
"down_err":[
[0.0004941764198,0.0004445580266,0.00172972672,0.001872056813],
[0.0004191440553,0.0005455325746,0.001630590467,0.001775541155],
[0.0004381138323,0.0003083081413,0.001501256285,0.001616750464],
[0.0003632494783,0.0004585938726,0.001617967568,0.001555096508]
]
}
}
,"dprdm":[
{"tbdm":{
"nmo":4,
"states":[15,16,17,18],
"normalization":{
"value":[0.2501171631,0.2499382667,0.2500782399,0.2498663302],
"error":[0.0001080021355,0.0001289898308,0.0001281904584,0.0001222695745]
},
"obdm":{
"up":[
[-0.0005492272577,-9.952986213e-05,-0.007521376366,-0.004639956709],
[-0.0002669692065,0.0001316004443,0.9258615332,0.0005956150876],
[-9.902959509e-05,-0.0002540479514,-0.0004472991979,-0.002901139663],
[0.001067763222,0.001021882962,-0.001581834102,0.00336293794]
],
"up_err":[
[0.001794869707,0.0009295838612,0.01051337405,0.006093296885],
[0.00157288952,0.001319426339,0.01415878148,0.008215218143],
[0.001317475261,0.0007300770686,0.01089617169,0.006548793695],
[0.001395449158,0.0007949249351,0.009734065391,0.00509038793]
],
"down":[
[-0.0004667540206,-5.030559582e-05,0.0004642871569,0.0001388323322],
[-7.171869891e-05,0.0004333215808,0.000551420972,0.0008319803002],
[0.0003317409097,-0.00208941778,0.001673899077,0.0001507117439],
[0.0001211095373,0.0006625841397,0.000624443983,-0.0007194855269]
],
"down_err":[
[0.0009410750429,0.0003616714934,0.001756416227,0.001725314939],
[0.0003812305467,0.0008951083272,0.001937160379,0.001902869856],
[0.0003853200942,0.0003480142855,0.001297262345,0.001334271183],
[0.0003745262387,0.0004119888778,0.001549115876,0.001395482075]
]
}
}
}]
}
},
"independent points":1427924.727,
"commments": [
]
}
