{
"label":"vmc",
"total blocks":100,
"reblocking":1,
"warmup blocks":0,
"properties":{
"total_energy":{
"value":[-31.0250193],
"error":[0.0007060269163],
"sigma":[0.9129659016]
},
"kinetic":{
"value":[14.12618313],
"error":[0.001895443628],
"sigma":[2.503860424]
},
"potential":{
"value":[-50.91012234],
"error":[0.003090493179],
"sigma":[3.803048129]
},
"nonlocal":{
"value":[5.75891991],
"error":[0.003690476649],
"sigma":[4.192984733]
},
"weight":{
"value":[1],
"error":[6.661338148e-17],
"sigma":[0]
}
,
"derivative_dm":{
"nmo":4,
"dpwf":{
"vals":[0.4200594263],"err":[0.0004002520146]},
"dpenergy":{
"vals":[-13.05143103],"err":[0.01254575392]},
"tbdm":{
"nmo":4,
"states":[15,16,17,18],
"normalization":{
"value":[0.2497421338,0.250044583,0.2501101957,0.2501030875],
"error":[9.681051735e-05,0.0001144199424,9.526990977e-05,9.86831427e-05]
},
"obdm":{
"up":[
[0.9737168103,-0.0005692272767,-8.009858092e-05,-0.003030974587],
[-0.0008805519426,0.4174938115,0.4750788227,0.0007964936624],
[-0.0005328916221,0.4760785141,0.5667208781,-0.001616983716],
[-0.0006867635412,0.000689361659,-0.0008906101724,0.005037892196]
],
"up_err":[
[0.0004359023185,0.001221535742,0.001113031929,0.001474300283],
[0.0003574379013,0.001345823984,0.001088282333,0.001506137661],
[0.0003862779497,0.001299354297,0.001060817706,0.001722566846],
[0.0003442035926,0.001151963632,0.0009576685157,0.001537817297]
],
"down":[
[0.9736531294,-0.001219147392,-0.002669542777,-0.0002196408093],
[-0.0008107207669,0.9736530937,-0.001762584639,0.00223410485],
[-0.0004082416187,-0.001539718774,0.009711453336,0.0005846772202],
[0.0001717432169,0.001501594532,-0.0006253749607,0.009852347032]
],
"down_err":[
[0.0004396350886,0.0003937378572,0.001285166345,0.001446323898],
[0.0003807329806,0.0005193278237,0.001745846522,0.00154867985],
[0.0003543864466,0.0003691403142,0.001233645283,0.001300521944],
[0.0003817444226,0.0003750251621,0.00128627207,0.001270978926]
]
}
}
,"dprdm":[
{"tbdm":{
"nmo":4,
"states":[15,16,17,18],
"normalization":{
"value":[0.2497421338,0.250044583,0.2501101957,0.2501030875],
"error":[9.681051735e-05,0.0001144199424,9.526990977e-05,9.86831427e-05]
},
"obdm":{
"up":[
[0.4093236281,0.004458191206,-0.004641036377,-0.003471234793],
[-3.997721391e-05,0.4122709018,-0.001954706095,-0.0006934153075],
[-0.0008245368744,0.4670390429,0.008490557019,0.02151160851],
[-0.001514047309,-0.004373205789,0.00238724057,-0.007016696953]
],
"up_err":[
[0.0006583402178,0.00412722924,0.003666342284,0.003038088604],
[0.0004799728446,0.004774360627,0.003932118727,0.006240994882],
[0.0008973385825,0.01137992921,0.009121715397,0.01545386522],
[0.0008250273864,0.006110560807,0.005147982726,0.006138050215]
],
"down":[
[0.4088299414,-0.0002761437664,-0.002960233782,-0.0002831768688],
[-0.0002961087,0.4091499492,-0.00118398669,0.0003031411618],
[-0.0001857053273,-0.000814608075,0.004191014996,-0.0003625121302],
[0.0001127914276,0.0002228756098,-0.0006983993842,0.004546535892]
],
"down_err":[
[0.0004437685946,0.0002657131655,0.001023088684,0.0009554771955],
[0.000248734384,0.0005203909542,0.001137531804,0.0009809617891],
[0.0002495628349,0.0002294320489,0.0008355929989,0.0008610510746],
[0.000221698033,0.0002311259884,0.0009192715167,0.0007575019399]
]
}
}
}]
}
},
"independent points":1672116.753,
"commments": [
]
}
