{
"label":"vmc",
"total blocks":100,
"reblocking":1,
"warmup blocks":0,
"properties":{
"total_energy":{
"value":[-31.0294613],
"error":[0.0006264262863],
"sigma":[0.8690373305]
},
"kinetic":{
"value":[14.11518574],
"error":[0.001728389477],
"sigma":[2.48504915]
},
"potential":{
"value":[-50.93506259],
"error":[0.003205240089],
"sigma":[3.805193731]
},
"nonlocal":{
"value":[5.790415546],
"error":[0.003345495503],
"sigma":[4.203375812]
},
"weight":{
"value":[1],
"error":[6.661338148e-17],
"sigma":[0]
}
,
"derivative_dm":{
"nmo":4,
"dpwf":{
"vals":[0.4902052056],"err":[0.0004221095213]},
"dpenergy":{
"vals":[-15.18915751],"err":[0.01320391462]},
"tbdm":{
"nmo":4,
"states":[15,16,17,18],
"normalization":{
"value":[0.2501629878,0.2498078948,0.2502270934,0.249802024],
"error":[9.862346541e-05,9.191030886e-05,0.0001066305664,0.0001013189743]
},
"obdm":{
"up":[
[0.9740309938,0.001850834588,-0.001671809602,-0.0006894336223],
[9.851492719e-05,0.503396577,0.4817471066,-0.0009933107065],
[-2.408995907e-05,0.4809003618,0.4822861833,-0.0008678665009],
[0.0002285621217,-0.000330144403,0.0003849314447,0.006819039396]
],
"up_err":[
[0.0004738248374,0.001029238606,0.001105346943,0.001550373893],
[0.0003639920709,0.001208801506,0.001322493402,0.001713124857],
[0.0003537665258,0.00107004741,0.001016678406,0.001507638928],
[0.0003444015814,0.001051154548,0.001060157363,0.001362358853]
],
"down":[
[0.9742075015,-4.7230725e-05,0.003381031783,0.002917738634],
[3.203125393e-05,0.974316279,-0.0005798192631,0.00194940052],
[0.000215912372,-0.002062448895,0.007736982638,-0.0006540505476],
[0.0004509857918,0.001057539513,0.001450941435,0.007987703476]
],
"down_err":[
[0.0004525277671,0.0003165317249,0.001950498082,0.00177501032],
[0.0003860621167,0.0005047769306,0.001607499941,0.001583312485],
[0.0003503817936,0.0003562089433,0.001324310529,0.001286661271],
[0.0003474202689,0.0003781112325,0.001383683755,0.001323795298]
]
}
}
,"dprdm":[
{"tbdm":{
"nmo":4,
"states":[15,16,17,18],
"normalization":{
"value":[0.2501629878,0.2498078948,0.2502270934,0.249802024],
"error":[9.862346541e-05,9.191030886e-05,0.0001066305664,0.0001013189743]
},
"obdm":{
"up":[
[0.4767133559,0.002553789739,-0.003430495601,0.002376821889],
[0.0003893076245,0.008517855944,0.4787048832,-0.01103167894],
[0.0003141582308,0.001936412269,0.4749701707,-0.004071028513],
[0.0003219661984,-0.0004114763308,7.287337427e-05,0.004256361547]
],
"up_err":[
[0.0008052471713,0.003075397405,0.003065935508,0.004096105181],
[0.0007798308118,0.003105811094,0.003299223464,0.005513434079],
[0.0005691566518,0.002636689897,0.002605479043,0.002981950595],
[0.0005111546051,0.002399779439,0.00270888026,0.004161270696]
],
"down":[
[0.4774060205,-0.0001599325732,0.001490961832,0.0009959663763],
[-1.52182765e-05,0.4773639113,-0.0004903124711,0.001436132328],
[0.0002863357925,-0.0008922987701,0.003725021479,-0.0007266854085],
[0.0004253035983,0.00129634795,0.00118361675,0.004670468137]
],
"down_err":[
[0.0005183295491,0.0002489459958,0.001414507516,0.001053269892],
[0.000263725148,0.0005390074459,0.00120610966,0.00109592866],
[0.0002361240862,0.0002202035985,0.0009551369408,0.0009060951848],
[0.0002292384755,0.0002641435087,0.0009109032776,0.0009935113818]
]
}
}
}]
}
},
"independent points":1924584.209,
"commments": [
]
}
