{
"label":"vmc",
"total blocks":100,
"reblocking":1,
"warmup blocks":0,
"properties":{
"total_energy":{
"value":[-31.01044057],
"error":[0.0007729305246],
"sigma":[0.9465144956]
},
"kinetic":{
"value":[14.01673756],
"error":[0.002005335614],
"sigma":[2.490674064]
},
"potential":{
"value":[-50.74477296],
"error":[0.003002761865],
"sigma":[3.816316314]
},
"nonlocal":{
"value":[5.717594828],
"error":[0.003363407265],
"sigma":[4.198511769]
},
"weight":{
"value":[1],
"error":[6.661338148e-17],
"sigma":[0]
}
,
"derivative_dm":{
"nmo":4,
"dpwf":{
"vals":[0.2421593822],"err":[0.000354593315]},
"dpenergy":{
"vals":[-7.525227927],"err":[0.01094448413]},
"tbdm":{
"nmo":4,
"states":[15,16,17,18],
"normalization":{
"value":[0.2499842925,0.249922529,0.2500398871,0.2500532914],
"error":[0.0001026247512,8.400640427e-05,8.935129778e-05,9.113001335e-05]
},
"obdm":{
"up":[
[0.9755168262,0.00246398818,-0.001245795551,0.000983978181],
[-0.0001725468885,0.2456148443,0.4135343129,0.003364413785],
[0.0001399863306,0.4150456467,0.7393370645,-0.0009260855416],
[0.0002826081283,-0.001618166546,0.0006063188789,0.00582388419]
],
"up_err":[
[0.0005171542939,0.001461946325,0.0008810988473,0.001468861714],
[0.0003750935543,0.001426646136,0.000814616651,0.00153733086],
[0.00038735631,0.001268733829,0.0007882041043,0.001358653666],
[0.0003436934033,0.001225801761,0.0007294605799,0.001326455276]
],
"down":[
[0.9752064441,-0.0002769493192,-0.002733125558,-0.0004173352884],
[-0.0002550906675,0.9760179209,-0.001524851196,0.0002776858445],
[0.0001413473295,-0.001467240337,0.009104332996,-0.0001362112688],
[0.0002996755416,0.00252161832,0.0001345347843,0.006559845805]
],
"down_err":[
[0.0004611084576,0.0003947911854,0.001748192278,0.00174321061],
[0.0003602706594,0.0004181069372,0.001617815374,0.001608008344],
[0.0003861072401,0.0003132090376,0.001327094727,0.001222435736],
[0.0003549648381,0.0003940942458,0.001367227077,0.001362948111]
]
}
}
,"dprdm":[
{"tbdm":{
"nmo":4,
"states":[15,16,17,18],
"normalization":{
"value":[0.2499842925,0.249922529,0.2500398871,0.2500532914],
"error":[0.0001026247512,8.400640427e-05,8.935129778e-05,9.113001335e-05]
},
"obdm":{
"up":[
[0.2376808036,-0.004244388383,0.001496345435,-0.007852515202],
[-0.0007091773047,0.240893852,-0.002778793985,0.009186389362],
[0.0001774168637,0.4111760541,0.002732241875,0.003372658723],
[-0.0005935849217,0.00197050547,-0.0009646039219,0.004067405352]
],
"up_err":[
[0.001150294437,0.008987567592,0.005134409386,0.006064192447],
[0.0006253668909,0.006102435472,0.003540862718,0.005831221443],
[0.0004643137684,0.004293373949,0.002529886995,0.002725657605],
[0.0005207841165,0.003823672314,0.002121780815,0.003080664446]
],
"down":[
[0.236299849,-6.868923768e-05,-0.001578003438,-0.0005960335868],
[-0.0001545581653,0.2361618926,-0.0009751306716,-0.0005769390924],
[-5.327277176e-05,-0.001062779143,0.00139317667,-0.0005692718565],
[9.148352301e-05,0.0001477760135,0.0008845593796,0.001691925518]
],
"down_err":[
[0.0003969375274,0.0001859000885,0.0008871396268,0.0007690583732],
[0.0001750835019,0.0004180874698,0.0007780832822,0.0007120919082],
[0.0001836526443,0.0001617448534,0.0005471957209,0.0005197505798],
[0.0001629684996,0.0001856485104,0.0006701695334,0.00064427465]
]
}
}
}]
}
},
"independent points":1499593.749,
"commments": [
]
}
